-- phpMyAdmin SQL Dump
-- version 4.2.7.1
-- http://www.phpmyadmin.net
--
-- Host: localhost
-- Generation Time: Jan 12, 2016 at 02:51 am
-- Server version: 5.6.20
-- PHP Version: 5.5.15

SET SQL_MODE = "NO_AUTO_VALUE_ON_ZERO";
SET time_zone = "+00:00";


/*!40101 SET @OLD_CHARACTER_SET_CLIENT=@@CHARACTER_SET_CLIENT */;
/*!40101 SET @OLD_CHARACTER_SET_RESULTS=@@CHARACTER_SET_RESULTS */;
/*!40101 SET @OLD_COLLATION_CONNECTION=@@COLLATION_CONNECTION */;
/*!40101 SET NAMES utf8 */;

--
-- Database: `dm`
--

-- --------------------------------------------------------

--
-- Table structure for table `comments`
--

CREATE TABLE IF NOT EXISTS `comments` (
`id` int(5) NOT NULL,
  `user_id` int(10) unsigned NOT NULL,
  `restaurant_id` smallint(11) unsigned NOT NULL,
  `created` timestamp NOT NULL DEFAULT CURRENT_TIMESTAMP,
  `rating` int(5) NOT NULL,
  `comment` text CHARACTER SET utf8 NOT NULL
) ENGINE=InnoDB  DEFAULT CHARSET=latin1 AUTO_INCREMENT=11 ;

--
-- Dumping data for table `comments`
--

INSERT INTO `comments` (`id`, `user_id`, `restaurant_id`, `created`, `rating`, `comment`) VALUES
(1, 5, 4, '0000-00-00 00:00:00', 5, 'Nice nice nice'),
(2, 5, 4, '0000-00-00 00:00:00', 3, 'dsfsdfsd'),
(3, 5, 4, '0000-00-00 00:00:00', 5, 'hahahahahahaha'),
(4, 5, 4, '0000-00-00 00:00:00', 5, 'hahahahahahaha'),
(5, 5, 6, '0000-00-00 00:00:00', 4, 'hahahahahahhahaha'),
(6, 5, 6, '0000-00-00 00:00:00', 7, 'dafasdfsdafsda'),
(7, 5, 6, '0000-00-00 00:00:00', 9, 'Tigger baby is awesome'),
(8, 5, 5, '0000-00-00 00:00:00', 8, 'Good food and good view.'),
(9, 3, 2, '0000-00-00 00:00:00', 8, '11111111111111'),
(10, 5, 3, '0000-00-00 00:00:00', 7, 'The seafood is awesome.');

-- --------------------------------------------------------

--
-- Table structure for table `enqiry_form`
--

CREATE TABLE IF NOT EXISTS `enqiry_form` (
`id` int(5) NOT NULL,
  `name` varchar(50) CHARACTER SET utf8 NOT NULL,
  `phone` int(20) NOT NULL,
  `email` varchar(50) CHARACTER SET utf8 NOT NULL,
  `restaurant` varchar(50) CHARACTER SET utf8 NOT NULL,
  `address` text CHARACTER SET utf8 NOT NULL,
  `comment` text CHARACTER SET utf8 NOT NULL
) ENGINE=InnoDB  DEFAULT CHARSET=latin1 AUTO_INCREMENT=18 ;

--
-- Dumping data for table `enqiry_form`
--

INSERT INTO `enqiry_form` (`id`, `name`, `phone`, `email`, `restaurant`, `address`, `comment`) VALUES
(1, 'Tigger', 221881, 'qq@mail.com', 'Cat', 'Wellington', ''),
(2, 'Alice', 1234567, 'aaa@mail.com', 'Alice in Wonderland', 'Wellington', ''),
(3, 'Alice', 1234567, 'aaa@mail.com', 'Alice in Wonderland', 'Wellington', ''),
(4, 'rohin', 0, 'rohin@mail.com', 'rohin', 'Wellington', ''),
(5, 'Tigger', 1234567, 'testinguse.aw@gmail.com', 'Hello', 'Wellingotn', ''),
(6, 'Tigger', 1234567, 'testinguse.aw@gmail.com', 'Hello', 'Wellingotn', ''),
(7, 'Tigger', 1234567, 'testinguse.aw@gmail.com', 'Hello', 'Wellingotn', ''),
(8, 'Tigger', 1234567, 'testinguse.aw@gmail.com', 'Hello', 'Wellingotn', ''),
(9, 'Cat', 123456, 'testinguse.aw@gmail.com', 'dog', 'Wellington', ''),
(10, 'Testing', 0, 'testinguse.aw@gmail.com', 'Testing', 'Lower Hutt', ''),
(11, 'rohin', 0, 'testinguse.aw@gmail.com', 'roin', 'Wel''', ''),
(12, 'Testing', 2147483647, 'testinguse.aw@gmail.com', 'Dragon', 'Wellington', 'It''s a good restaurant'),
(13, 'Cat', 123456789, 'testinguse.aw@gmail.com', 'Cat', 'wellington', ''),
(14, 'Tigger', 32165478, 'testinguse.aw@gmail.com', 'Sweet Mother''s Kitchen', 'wellington', ''),
(15, 'Alice', 2147483647, 'testinguse.aw@gmail.com', 'Testing', 'Wellington', 'aaaaaaaa'),
(16, 'Alice', 321654987, 'testinguse.aw@gmail.com', 'Try Again', 'wellington', ''),
(17, 'Bobbie', 2147483647, 'testinguse.aw@gmail.com', 'Big Thumb', 'wellington', '123123123123123');

-- --------------------------------------------------------

--
-- Table structure for table `restaurants`
--

CREATE TABLE IF NOT EXISTS `restaurants` (
`id` smallint(5) unsigned NOT NULL,
  `title` varchar(100) CHARACTER SET utf8 NOT NULL,
  `discount` varchar(50) CHARACTER SET utf8 DEFAULT NULL,
  `address` varchar(100) CHARACTER SET utf8 NOT NULL,
  `phone` varchar(12) CHARACTER SET utf8 NOT NULL,
  `promote` tinyint(1) DEFAULT NULL,
  `poster` varchar(255) DEFAULT NULL
) ENGINE=InnoDB  DEFAULT CHARSET=latin1 AUTO_INCREMENT=47 ;

--
-- Dumping data for table `restaurants`
--

INSERT INTO `restaurants` (`id`, `title`, `discount`, `address`, `phone`, `promote`, `poster`) VALUES
(1, 'Foxglove Bar & Kitchen', 'not available', '33 Queens Wharf, Wellington', '04-460 9410', 0, '569459f973126.jpg'),
(2, 'Miyabi Sushi Japanese Cafe', '10%', 'Shop 13 142 Willis St, Wellington', '04-801 9688', NULL, '56945a1a1c837.jpg'),
(3, 'Crab Shack', '0%', 'Shed 5, Queens Wharf, Wellington', '04-916 4250', 0, '569459e47e09a.jpg'),
(4, 'Cafe Thyme', '5%', '238 Middleton Rd, Glenside, Wellington', '04-478 1810', 1, '569458043c10a.jpg'),
(5, 'Maranui Cafe ', '5%', '7A Lyall Parade, Lyall Bay, Wellington', '04-387 4539', 1, '56945097835b2.jpg'),
(6, 'Chilli Masala', '10%', '458 High Street, Lower Hutt', '04-586 4820', 1, NULL),
(7, 'The Bangalore Polo Club Wellington', '2%', '63 Courtenay Pl, Te Aro, Wellington', '04-384 6416', 0, NULL),
(8, 'Riddiford Hotel & Restaurant', '2%', '21-29 Knights Rd, Lower Hutt ', '04-586 6318', 0, '56945a4849cf9.jpg'),
(45, 'ffffffffff', '0%', 'Lower Hutt', '0987654321', NULL, NULL);

-- --------------------------------------------------------

--
-- Table structure for table `restaurants_tags`
--

CREATE TABLE IF NOT EXISTS `restaurants_tags` (
  `restaurant_id` smallint(5) unsigned NOT NULL,
  `tag_id` int(5) unsigned NOT NULL
) ENGINE=InnoDB DEFAULT CHARSET=latin1;

--
-- Dumping data for table `restaurants_tags`
--

INSERT INTO `restaurants_tags` (`restaurant_id`, `tag_id`) VALUES
(45, 1),
(45, 56),
(45, 57),
(45, 59),
(45, 60),
(45, 1),
(45, 56),
(45, 57),
(45, 59),
(45, 60),
(45, 61),
(45, 62),
(45, 63),
(45, 64),
(45, 65),
(45, 66),
(45, 67),
(45, 1),
(45, 56),
(45, 57),
(45, 59),
(45, 60),
(45, 61),
(45, 62),
(45, 63),
(45, 64),
(45, 65),
(45, 66),
(45, 67),
(45, 68),
(45, 69),
(45, 70),
(45, 71),
(45, 72),
(45, 73),
(45, 74),
(45, 75),
(45, 76),
(45, 77),
(45, 78),
(45, 79),
(45, 80),
(45, 81),
(45, 82),
(45, 83),
(45, 84),
(45, 85),
(45, 86),
(4, 54),
(4, 87),
(4, 54),
(4, 87),
(4, 88),
(4, 89),
(4, 54),
(4, 87),
(4, 88),
(4, 89),
(4, 90),
(4, 91),
(4, 92),
(4, 93),
(4, 94),
(4, 95),
(5, 54),
(5, 87),
(5, 88),
(5, 89),
(5, 90),
(5, 91),
(5, 92),
(5, 93),
(5, 94),
(5, 95),
(5, 96),
(4, 54),
(4, 87),
(4, 88),
(4, 89),
(4, 90),
(4, 91),
(4, 92),
(4, 93),
(4, 94),
(4, 95),
(4, 96),
(4, 97),
(4, 98),
(4, 99),
(4, 100),
(4, 101),
(4, 102),
(4, 103),
(4, 104),
(4, 105),
(4, 106),
(4, 107),
(4, 108),
(4, 109),
(4, 110),
(4, 111),
(4, 112),
(4, 54),
(4, 87),
(4, 88),
(4, 89),
(4, 90),
(4, 91),
(4, 92),
(4, 93),
(4, 94),
(4, 95),
(4, 96),
(4, 97),
(4, 98),
(4, 99),
(4, 100),
(4, 101),
(4, 102),
(4, 103),
(4, 104),
(4, 105),
(4, 106),
(4, 107),
(4, 108),
(4, 109),
(4, 110),
(4, 111),
(4, 112),
(4, 113),
(4, 114),
(4, 115),
(4, 116),
(4, 117),
(4, 118),
(4, 119),
(4, 120),
(4, 121),
(4, 122),
(4, 123),
(4, 124),
(4, 125),
(4, 126),
(4, 127),
(4, 128),
(4, 129),
(4, 130),
(4, 131),
(4, 132),
(4, 133),
(4, 134),
(4, 135),
(4, 136),
(4, 137),
(4, 138),
(4, 139),
(4, 140),
(4, 141),
(4, 142),
(4, 143),
(4, 144),
(4, 145),
(4, 146),
(4, 147),
(4, 148),
(4, 149),
(4, 150),
(4, 151),
(4, 152),
(4, 153),
(4, 54),
(4, 87),
(4, 88),
(4, 89),
(4, 90),
(4, 91),
(4, 92),
(4, 93),
(4, 94),
(4, 95),
(4, 96),
(4, 97),
(4, 98),
(4, 99),
(4, 100),
(4, 101),
(4, 102),
(4, 103),
(4, 104),
(4, 105),
(4, 106),
(4, 107),
(4, 108),
(4, 109),
(4, 110),
(4, 111),
(4, 112),
(4, 113),
(4, 114),
(4, 115),
(4, 116),
(4, 117),
(4, 118),
(4, 119),
(4, 120),
(4, 121),
(4, 122),
(4, 123),
(4, 124),
(4, 125),
(4, 126),
(4, 127),
(4, 128),
(4, 129),
(4, 130),
(4, 131),
(4, 132),
(4, 133),
(4, 134),
(4, 135),
(4, 136),
(4, 137),
(4, 138),
(4, 139),
(4, 140),
(4, 141),
(4, 142),
(4, 143),
(4, 144),
(4, 145),
(4, 146),
(4, 147),
(4, 148),
(4, 149),
(4, 150),
(4, 151),
(4, 152),
(4, 153),
(4, 154),
(4, 155),
(4, 156),
(4, 157),
(4, 158),
(4, 159),
(4, 160),
(4, 161),
(4, 162),
(4, 163),
(4, 164),
(4, 165),
(4, 166),
(4, 167),
(4, 168),
(4, 169),
(4, 170),
(4, 171),
(4, 172),
(4, 173),
(4, 174),
(4, 175),
(4, 176),
(4, 177),
(4, 178),
(4, 179),
(4, 180),
(4, 181),
(4, 182),
(4, 183),
(4, 184),
(4, 185),
(4, 186),
(4, 187),
(4, 188),
(4, 189),
(4, 190),
(4, 191),
(4, 192),
(4, 193),
(4, 194),
(4, 195),
(4, 196),
(4, 197),
(4, 198),
(4, 199),
(4, 200),
(4, 201),
(4, 202),
(4, 203),
(4, 204),
(4, 205),
(4, 206),
(4, 207),
(4, 208),
(4, 209),
(4, 210),
(4, 211),
(4, 212),
(4, 213),
(4, 214),
(4, 215),
(4, 216),
(4, 217),
(4, 218),
(4, 219),
(4, 220),
(4, 221),
(4, 222),
(4, 223),
(4, 224),
(4, 225),
(4, 226),
(4, 227),
(4, 228),
(4, 229),
(4, 230),
(4, 231),
(4, 232),
(4, 233),
(4, 234),
(4, 235),
(4, 236),
(4, 237),
(4, 238),
(4, 239),
(4, 240),
(4, 241),
(4, 242),
(4, 243),
(4, 244),
(4, 245),
(4, 246),
(4, 247),
(4, 248),
(4, 249),
(4, 250),
(4, 251),
(4, 252),
(4, 253),
(4, 254),
(4, 255),
(4, 256),
(4, 257),
(4, 258),
(4, 259),
(4, 260),
(4, 261),
(4, 262),
(4, 263),
(4, 264),
(3, 54),
(3, 87),
(3, 88),
(3, 89),
(3, 90),
(3, 91),
(3, 92),
(3, 93),
(3, 94),
(3, 95),
(3, 96),
(3, 97),
(3, 98),
(3, 99),
(3, 100),
(3, 101),
(3, 102),
(3, 103),
(3, 104),
(3, 105),
(3, 106),
(3, 107),
(3, 108),
(3, 109),
(3, 110),
(3, 111),
(3, 112),
(3, 113),
(3, 114),
(3, 115),
(3, 116),
(3, 117),
(3, 118),
(3, 119),
(3, 120),
(3, 121),
(3, 122),
(3, 123),
(3, 124),
(3, 125),
(3, 126),
(3, 127),
(3, 128),
(3, 129),
(3, 130),
(3, 131),
(3, 132),
(3, 133),
(3, 134),
(3, 135),
(3, 136),
(3, 137),
(3, 138),
(3, 139),
(3, 140),
(3, 141),
(3, 142),
(3, 143),
(3, 144),
(3, 145),
(3, 146),
(3, 147),
(3, 148),
(3, 149),
(3, 150),
(3, 151),
(3, 152),
(3, 153),
(3, 154),
(3, 155),
(3, 156),
(3, 157),
(3, 158),
(3, 159),
(3, 160),
(3, 161),
(3, 162),
(3, 163),
(3, 164),
(3, 165),
(3, 166),
(3, 167),
(3, 168),
(3, 169),
(3, 170),
(3, 171),
(3, 172),
(3, 173),
(3, 174),
(3, 175),
(3, 176),
(3, 177),
(3, 178),
(3, 179),
(3, 180),
(3, 181),
(3, 182),
(3, 183),
(3, 184),
(3, 185),
(3, 186),
(3, 187),
(3, 188),
(3, 189),
(3, 190),
(3, 191),
(3, 192),
(3, 193),
(3, 194),
(3, 195),
(3, 196),
(3, 197),
(3, 198),
(3, 199),
(3, 200),
(3, 201),
(3, 202),
(3, 203),
(3, 204),
(3, 205),
(3, 206),
(3, 207),
(3, 208),
(3, 209),
(3, 210),
(3, 211),
(3, 212),
(3, 213),
(3, 214),
(3, 215),
(3, 216),
(3, 217),
(3, 218),
(3, 219),
(3, 220),
(3, 221),
(3, 222),
(3, 223),
(3, 224),
(3, 225),
(3, 226),
(3, 227),
(3, 228),
(3, 229),
(3, 230),
(3, 231),
(3, 232),
(3, 233),
(3, 234),
(3, 235),
(3, 236),
(3, 237),
(3, 238),
(3, 239),
(3, 240),
(3, 241),
(3, 242),
(3, 243),
(3, 244),
(3, 245),
(3, 246),
(3, 247),
(3, 248),
(3, 249),
(3, 250),
(3, 251),
(3, 252),
(3, 253),
(3, 254),
(3, 255),
(3, 256),
(3, 257),
(3, 258),
(3, 259),
(3, 260),
(3, 261),
(3, 262),
(3, 263),
(3, 264),
(3, 265),
(1, 54),
(1, 87),
(1, 88),
(1, 89),
(1, 90),
(1, 91),
(1, 92),
(1, 93),
(1, 94),
(1, 95),
(1, 96),
(1, 97),
(1, 98),
(1, 99),
(1, 100),
(1, 101),
(1, 102),
(1, 103),
(1, 104),
(1, 105),
(1, 106),
(1, 107),
(1, 108),
(1, 109),
(1, 110),
(1, 111),
(1, 112),
(1, 113),
(1, 114),
(1, 115),
(1, 116),
(1, 117),
(1, 118),
(1, 119),
(1, 120),
(1, 121),
(1, 122),
(1, 123),
(1, 124),
(1, 125),
(1, 126),
(1, 127),
(1, 128),
(1, 129),
(1, 130),
(1, 131),
(1, 132),
(1, 133),
(1, 134),
(1, 135),
(1, 136),
(1, 137),
(1, 138),
(1, 139),
(1, 140),
(1, 141),
(1, 142),
(1, 143),
(1, 144),
(1, 145),
(1, 146),
(1, 147),
(1, 148),
(1, 149),
(1, 150),
(1, 151),
(1, 152),
(1, 153),
(1, 154),
(1, 155),
(1, 156),
(1, 157),
(1, 158),
(1, 159),
(1, 160),
(1, 161),
(1, 162),
(1, 163),
(1, 164),
(1, 165),
(1, 166),
(1, 167),
(1, 168),
(1, 169),
(1, 170),
(1, 171),
(1, 172),
(1, 173),
(1, 174),
(1, 175),
(1, 176),
(1, 177),
(1, 178),
(1, 179),
(1, 180),
(1, 181),
(1, 182),
(1, 183),
(1, 184),
(1, 185),
(1, 186),
(1, 187),
(1, 188),
(1, 189),
(1, 190),
(1, 191),
(1, 192),
(1, 193),
(1, 194),
(1, 195),
(1, 196),
(1, 197),
(1, 198),
(1, 199),
(1, 200),
(1, 201),
(1, 202),
(1, 203),
(1, 204),
(1, 205),
(1, 206),
(1, 207),
(1, 208),
(1, 209),
(1, 210),
(1, 211),
(1, 212),
(1, 213),
(1, 214),
(1, 215),
(1, 216),
(1, 217),
(1, 218),
(1, 219),
(1, 220),
(1, 221),
(1, 222),
(1, 223),
(1, 224),
(1, 225),
(1, 226),
(1, 227),
(1, 228),
(1, 229),
(1, 230),
(1, 231),
(1, 232),
(1, 233),
(1, 234),
(1, 235),
(1, 236),
(1, 237),
(1, 238),
(1, 239),
(1, 240),
(1, 241),
(1, 242),
(1, 243),
(1, 244),
(1, 245),
(1, 246),
(1, 247),
(1, 248),
(1, 249),
(1, 250),
(1, 251),
(1, 252),
(1, 253),
(1, 254),
(1, 255),
(1, 256),
(1, 257),
(1, 258),
(1, 259),
(1, 260),
(1, 261),
(1, 262),
(1, 263),
(1, 264),
(1, 265),
(1, 266),
(2, 54),
(2, 87),
(2, 88),
(2, 89),
(2, 90),
(2, 91),
(2, 92),
(2, 93),
(2, 94),
(2, 95),
(2, 96),
(2, 97),
(2, 98),
(2, 99),
(2, 100),
(2, 101),
(2, 102),
(2, 103),
(2, 104),
(2, 105),
(2, 106),
(2, 107),
(2, 108),
(2, 109),
(2, 110),
(2, 111),
(2, 112),
(2, 113),
(2, 114),
(2, 115),
(2, 116),
(2, 117),
(2, 118),
(2, 119),
(2, 120),
(2, 121),
(2, 122),
(2, 123),
(2, 124),
(2, 125),
(2, 126),
(2, 127),
(2, 128),
(2, 129),
(2, 130),
(2, 131),
(2, 132),
(2, 133),
(2, 134),
(2, 135),
(2, 136),
(2, 137),
(2, 138),
(2, 139),
(2, 140),
(2, 141),
(2, 142),
(2, 143),
(2, 144),
(2, 145),
(2, 146),
(2, 147),
(2, 148),
(2, 149),
(2, 150),
(2, 151),
(2, 152),
(2, 153),
(2, 154),
(2, 155),
(2, 156),
(2, 157),
(2, 158),
(2, 159),
(2, 160),
(2, 161),
(2, 162),
(2, 163),
(2, 164),
(2, 165),
(2, 166),
(2, 167),
(2, 168),
(2, 169),
(2, 170),
(2, 171),
(2, 172),
(2, 173),
(2, 174),
(2, 175),
(2, 176),
(2, 177),
(2, 178),
(2, 179),
(2, 180),
(2, 181),
(2, 182),
(2, 183),
(2, 184),
(2, 185),
(2, 186),
(2, 187),
(2, 188),
(2, 189),
(2, 190),
(2, 191),
(2, 192),
(2, 193),
(2, 194),
(2, 195),
(2, 196),
(2, 197),
(2, 198),
(2, 199),
(2, 200),
(2, 201),
(2, 202),
(2, 203),
(2, 204),
(2, 205),
(2, 206),
(2, 207),
(2, 208),
(2, 209),
(2, 210),
(2, 211),
(2, 212),
(2, 213),
(2, 214),
(2, 215),
(2, 216),
(2, 217),
(2, 218),
(2, 219),
(2, 220),
(2, 221),
(2, 222),
(2, 223),
(2, 224),
(2, 225),
(2, 226),
(2, 227),
(2, 228),
(2, 229),
(2, 230),
(2, 231),
(2, 232),
(2, 233),
(2, 234),
(2, 235),
(2, 236),
(2, 237),
(2, 238),
(2, 239),
(2, 240),
(2, 241),
(2, 242),
(2, 243),
(2, 244),
(2, 245),
(2, 246),
(2, 247),
(2, 248),
(2, 249),
(2, 250),
(2, 251),
(2, 252),
(2, 253),
(2, 254),
(2, 255),
(2, 256),
(2, 257),
(2, 258),
(2, 259),
(2, 260),
(2, 261),
(2, 262),
(2, 263),
(2, 264),
(2, 265),
(2, 266),
(2, 267),
(2, 54),
(2, 87),
(2, 88),
(2, 89),
(2, 90),
(2, 91),
(2, 92),
(2, 93),
(2, 94),
(2, 95),
(2, 96),
(2, 97),
(2, 98),
(2, 99),
(2, 100),
(2, 101),
(2, 102),
(2, 103),
(2, 104),
(2, 105),
(2, 106),
(2, 107),
(2, 108),
(2, 109),
(2, 110),
(2, 111),
(2, 112),
(2, 113),
(2, 114),
(2, 115),
(2, 116),
(2, 117),
(2, 118),
(2, 119),
(2, 120),
(2, 121),
(2, 122),
(2, 123),
(2, 124),
(2, 125),
(2, 126),
(2, 127),
(2, 128),
(2, 129),
(2, 130),
(2, 131),
(2, 132),
(2, 133),
(2, 134),
(2, 135),
(2, 136),
(2, 137),
(2, 138),
(2, 139),
(2, 140),
(2, 141),
(2, 142),
(2, 143),
(2, 144),
(2, 145),
(2, 146),
(2, 147),
(2, 148),
(2, 149),
(2, 150),
(2, 151),
(2, 152),
(2, 153),
(2, 154),
(2, 155),
(2, 156),
(2, 157),
(2, 158),
(2, 159),
(2, 160),
(2, 161),
(2, 162),
(2, 163),
(2, 164),
(2, 165),
(2, 166),
(2, 167),
(2, 168),
(2, 169),
(2, 170),
(2, 171),
(2, 172),
(2, 173),
(2, 174),
(2, 175),
(2, 176),
(2, 177),
(2, 178),
(2, 179),
(2, 180),
(2, 181),
(2, 182),
(2, 183),
(2, 184),
(2, 185),
(2, 186),
(2, 187),
(2, 188),
(2, 189),
(2, 190),
(2, 191),
(2, 192),
(2, 193),
(2, 194),
(2, 195),
(2, 196),
(2, 197),
(2, 198),
(2, 199),
(2, 200),
(2, 201),
(2, 202),
(2, 203),
(2, 204),
(2, 205),
(2, 206),
(2, 207),
(2, 208),
(2, 209),
(2, 210),
(2, 211),
(2, 212),
(2, 213),
(2, 214),
(2, 215),
(2, 216),
(2, 217),
(2, 218),
(2, 219),
(2, 220),
(2, 221),
(2, 222),
(2, 223),
(2, 224),
(2, 225),
(2, 226),
(2, 227),
(2, 228),
(2, 229),
(2, 230),
(2, 231),
(2, 232),
(2, 233),
(2, 234),
(2, 235),
(2, 236),
(2, 237),
(2, 238),
(2, 239),
(2, 240),
(2, 241),
(2, 242),
(2, 243),
(2, 244),
(2, 245),
(2, 246),
(2, 247),
(2, 248),
(2, 249),
(2, 250),
(2, 251),
(2, 252),
(2, 253),
(2, 254),
(2, 255),
(2, 256),
(2, 257),
(2, 258),
(2, 259),
(2, 260),
(2, 261),
(2, 262),
(2, 263),
(2, 264),
(2, 265),
(2, 266),
(2, 267),
(2, 268),
(2, 269),
(2, 270),
(2, 271),
(2, 272),
(2, 273),
(2, 274),
(2, 275),
(2, 276),
(2, 277),
(2, 278),
(2, 279),
(2, 280),
(2, 281),
(2, 282),
(2, 283),
(2, 284),
(2, 285),
(2, 286),
(2, 287),
(2, 288),
(2, 289),
(2, 290),
(2, 291),
(2, 292),
(2, 293),
(2, 294),
(2, 295),
(2, 296),
(2, 297),
(2, 298),
(2, 299),
(2, 300),
(2, 301),
(2, 302),
(2, 303),
(2, 304),
(2, 305),
(2, 306),
(2, 307),
(2, 308),
(2, 309),
(2, 310),
(2, 311),
(2, 312),
(2, 313),
(2, 314),
(2, 315),
(2, 316),
(2, 317),
(2, 318),
(2, 319),
(2, 320),
(2, 321),
(2, 322),
(2, 323),
(2, 324),
(2, 325),
(2, 326),
(2, 327),
(2, 328),
(2, 329),
(2, 330),
(2, 331),
(2, 332),
(2, 333),
(2, 334),
(2, 335),
(2, 336),
(2, 337),
(2, 338),
(2, 339),
(2, 340),
(2, 341),
(2, 342),
(2, 343),
(2, 344),
(2, 345),
(2, 346),
(2, 347),
(2, 348),
(2, 349),
(2, 350),
(2, 351),
(2, 352),
(2, 353),
(2, 354),
(2, 355),
(2, 356),
(2, 357),
(2, 358),
(2, 359),
(2, 360),
(2, 361),
(2, 362),
(2, 363),
(2, 364),
(2, 365),
(2, 366),
(2, 367),
(2, 368),
(2, 369),
(2, 370),
(2, 371),
(2, 372),
(2, 373),
(2, 374),
(2, 375),
(2, 376),
(2, 377),
(2, 378),
(2, 379),
(2, 380),
(2, 381),
(2, 382),
(2, 383),
(2, 384),
(2, 385),
(2, 386),
(2, 387),
(2, 388),
(2, 389),
(2, 390),
(2, 391),
(2, 392),
(2, 393),
(2, 394),
(2, 395),
(2, 396),
(2, 397),
(2, 398),
(2, 399),
(2, 400),
(2, 401),
(2, 402),
(2, 403),
(2, 404),
(2, 405),
(2, 406),
(2, 407),
(2, 408),
(2, 409),
(2, 410),
(2, 411),
(2, 412),
(2, 413),
(2, 414),
(2, 415),
(2, 416),
(2, 417),
(2, 418),
(2, 419),
(2, 420),
(2, 421),
(2, 422),
(2, 423),
(2, 424),
(2, 425),
(2, 426),
(2, 427),
(2, 428),
(2, 429),
(2, 430),
(2, 431),
(2, 432),
(2, 433),
(2, 434),
(2, 435),
(2, 436),
(2, 437),
(2, 438),
(2, 439),
(2, 440),
(2, 441),
(2, 442),
(2, 443),
(2, 444),
(2, 445),
(2, 446),
(2, 447),
(2, 448),
(2, 449),
(8, 54),
(8, 87),
(8, 88),
(8, 89),
(8, 90),
(8, 91),
(8, 92),
(8, 93),
(8, 94),
(8, 95),
(8, 96),
(8, 97),
(8, 98),
(8, 99),
(8, 100),
(8, 101),
(8, 102),
(8, 103),
(8, 104),
(8, 105),
(8, 106),
(8, 107),
(8, 108),
(8, 109),
(8, 110),
(8, 111),
(8, 112),
(8, 113),
(8, 114),
(8, 115),
(8, 116),
(8, 117),
(8, 118),
(8, 119),
(8, 120),
(8, 121),
(8, 122),
(8, 123),
(8, 124),
(8, 125),
(8, 126),
(8, 127),
(8, 128),
(8, 129),
(8, 130),
(8, 131),
(8, 132),
(8, 133),
(8, 134),
(8, 135),
(8, 136),
(8, 137),
(8, 138),
(8, 139),
(8, 140),
(8, 141),
(8, 142),
(8, 143),
(8, 144),
(8, 145),
(8, 146),
(8, 147),
(8, 148),
(8, 149),
(8, 150),
(8, 151),
(8, 152),
(8, 153),
(8, 154),
(8, 155),
(8, 156),
(8, 157),
(8, 158),
(8, 159),
(8, 160),
(8, 161),
(8, 162),
(8, 163),
(8, 164),
(8, 165),
(8, 166),
(8, 167),
(8, 168),
(8, 169),
(8, 170),
(8, 171),
(8, 172),
(8, 173),
(8, 174),
(8, 175),
(8, 176),
(8, 177),
(8, 178),
(8, 179),
(8, 180),
(8, 181),
(8, 182),
(8, 183),
(8, 184),
(8, 185),
(8, 186),
(8, 187),
(8, 188),
(8, 189),
(8, 190),
(8, 191),
(8, 192),
(8, 193),
(8, 194),
(8, 195),
(8, 196),
(8, 197),
(8, 198),
(8, 199),
(8, 200),
(8, 201),
(8, 202),
(8, 203),
(8, 204),
(8, 205),
(8, 206),
(8, 207),
(8, 208),
(8, 209),
(8, 210),
(8, 211),
(8, 212),
(8, 213),
(8, 214),
(8, 215),
(8, 216),
(8, 217),
(8, 218),
(8, 219),
(8, 220),
(8, 221),
(8, 222),
(8, 223),
(8, 224),
(8, 225),
(8, 226),
(8, 227),
(8, 228),
(8, 229),
(8, 230),
(8, 231),
(8, 232),
(8, 233),
(8, 234),
(8, 235),
(8, 236),
(8, 237),
(8, 238),
(8, 239),
(8, 240),
(8, 241),
(8, 242),
(8, 243),
(8, 244),
(8, 245),
(8, 246),
(8, 247),
(8, 248),
(8, 249),
(8, 250),
(8, 251),
(8, 252),
(8, 253),
(8, 254),
(8, 255),
(8, 256),
(8, 257),
(8, 258),
(8, 259),
(8, 260),
(8, 261),
(8, 262),
(8, 263),
(8, 264),
(8, 265),
(8, 266),
(8, 267),
(8, 268),
(8, 269),
(8, 270),
(8, 271),
(8, 272),
(8, 273),
(8, 274),
(8, 275),
(8, 276),
(8, 277),
(8, 278),
(8, 279),
(8, 280),
(8, 281),
(8, 282),
(8, 283),
(8, 284),
(8, 285),
(8, 286),
(8, 287),
(8, 288),
(8, 289),
(8, 290),
(8, 291),
(8, 292),
(8, 293),
(8, 294),
(8, 295),
(8, 296),
(8, 297),
(8, 298),
(8, 299),
(8, 300),
(8, 301),
(8, 302),
(8, 303),
(8, 304),
(8, 305),
(8, 306),
(8, 307),
(8, 308),
(8, 309),
(8, 310),
(8, 311),
(8, 312),
(8, 313),
(8, 314),
(8, 315),
(8, 316),
(8, 317),
(8, 318),
(8, 319),
(8, 320),
(8, 321),
(8, 322),
(8, 323),
(8, 324),
(8, 325),
(8, 326),
(8, 327),
(8, 328),
(8, 329),
(8, 330),
(8, 331),
(8, 332),
(8, 333),
(8, 334),
(8, 335),
(8, 336),
(8, 337),
(8, 338),
(8, 339),
(8, 340),
(8, 341),
(8, 342),
(8, 343),
(8, 344),
(8, 345),
(8, 346),
(8, 347),
(8, 348),
(8, 349),
(8, 350),
(8, 351),
(8, 352),
(8, 353),
(8, 354),
(8, 355),
(8, 356),
(8, 357),
(8, 358),
(8, 359),
(8, 360),
(8, 361),
(8, 362),
(8, 363),
(8, 364),
(8, 365),
(8, 366),
(8, 367),
(8, 368),
(8, 369),
(8, 370),
(8, 371),
(8, 372),
(8, 373),
(8, 374),
(8, 375),
(8, 376),
(8, 377),
(8, 378),
(8, 379),
(8, 380),
(8, 381),
(8, 382),
(8, 383),
(8, 384),
(8, 385),
(8, 386),
(8, 387),
(8, 388),
(8, 389),
(8, 390),
(8, 391),
(8, 392),
(8, 393),
(8, 394),
(8, 395),
(8, 396),
(8, 397),
(8, 398),
(8, 399),
(8, 400),
(8, 401),
(8, 402),
(8, 403),
(8, 404),
(8, 405),
(8, 406),
(8, 407),
(8, 408),
(8, 409),
(8, 410),
(8, 411),
(8, 412),
(8, 413),
(8, 414),
(8, 415),
(8, 416),
(8, 417),
(8, 418),
(8, 419),
(8, 420),
(8, 421),
(8, 422),
(8, 423),
(8, 424),
(8, 425),
(8, 426),
(8, 427),
(8, 428),
(8, 429),
(8, 430),
(8, 431),
(8, 432),
(8, 433),
(8, 434),
(8, 435),
(8, 436),
(8, 437),
(8, 438),
(8, 439),
(8, 440),
(8, 441),
(8, 442),
(8, 443),
(8, 444),
(8, 445),
(8, 446),
(8, 447),
(8, 448),
(8, 449),
(8, 450),
(8, 54),
(8, 87),
(8, 88),
(8, 89),
(8, 90),
(8, 91),
(8, 92),
(8, 93),
(8, 94),
(8, 95),
(8, 96),
(8, 97),
(8, 98),
(8, 99),
(8, 100),
(8, 101),
(8, 102),
(8, 103),
(8, 104),
(8, 105),
(8, 106),
(8, 107),
(8, 108),
(8, 109),
(8, 110),
(8, 111),
(8, 112),
(8, 113),
(8, 114),
(8, 115),
(8, 116),
(8, 117),
(8, 118),
(8, 119),
(8, 120),
(8, 121),
(8, 122),
(8, 123),
(8, 124),
(8, 125),
(8, 126),
(8, 127),
(8, 128),
(8, 129),
(8, 130),
(8, 131),
(8, 132),
(8, 133),
(8, 134),
(8, 135),
(8, 136),
(8, 137),
(8, 138),
(8, 139),
(8, 140),
(8, 141),
(8, 142),
(8, 143),
(8, 144),
(8, 145),
(8, 146),
(8, 147),
(8, 148),
(8, 149),
(8, 150),
(8, 151),
(8, 152),
(8, 153),
(8, 154),
(8, 155),
(8, 156),
(8, 157),
(8, 158),
(8, 159),
(8, 160),
(8, 161),
(8, 162),
(8, 163),
(8, 164),
(8, 165),
(8, 166),
(8, 167),
(8, 168),
(8, 169),
(8, 170),
(8, 171),
(8, 172),
(8, 173),
(8, 174),
(8, 175),
(8, 176),
(8, 177),
(8, 178),
(8, 179),
(8, 180),
(8, 181),
(8, 182),
(8, 183),
(8, 184),
(8, 185),
(8, 186),
(8, 187),
(8, 188),
(8, 189),
(8, 190),
(8, 191),
(8, 192),
(8, 193),
(8, 194),
(8, 195),
(8, 196),
(8, 197),
(8, 198),
(8, 199),
(8, 200),
(8, 201),
(8, 202),
(8, 203),
(8, 204),
(8, 205),
(8, 206),
(8, 207),
(8, 208),
(8, 209),
(8, 210),
(8, 211),
(8, 212),
(8, 213),
(8, 214),
(8, 215),
(8, 216),
(8, 217),
(8, 218),
(8, 219),
(8, 220),
(8, 221),
(8, 222),
(8, 223),
(8, 224),
(8, 225),
(8, 226),
(8, 227),
(8, 228),
(8, 229),
(8, 230),
(8, 231),
(8, 232),
(8, 233),
(8, 234),
(8, 235),
(8, 236),
(8, 237),
(8, 238),
(8, 239),
(8, 240),
(8, 241),
(8, 242),
(8, 243),
(8, 244),
(8, 245),
(8, 246),
(8, 247),
(8, 248),
(8, 249),
(8, 250),
(8, 251),
(8, 252),
(8, 253),
(8, 254),
(8, 255),
(8, 256),
(8, 257),
(8, 258),
(8, 259),
(8, 260),
(8, 261),
(8, 262),
(8, 263),
(8, 264),
(8, 265),
(8, 266),
(8, 267),
(8, 268),
(8, 269),
(8, 270),
(8, 271),
(8, 272),
(8, 273),
(8, 274),
(8, 275),
(8, 276),
(8, 277),
(8, 278),
(8, 279),
(8, 280),
(8, 281),
(8, 282),
(8, 283),
(8, 284),
(8, 285),
(8, 286),
(8, 287),
(8, 288),
(8, 289),
(8, 290),
(8, 291),
(8, 292),
(8, 293),
(8, 294),
(8, 295),
(8, 296),
(8, 297),
(8, 298),
(8, 299),
(8, 300),
(8, 301),
(8, 302),
(8, 303),
(8, 304),
(8, 305),
(8, 306),
(8, 307),
(8, 308),
(8, 309),
(8, 310),
(8, 311),
(8, 312),
(8, 313),
(8, 314),
(8, 315),
(8, 316),
(8, 317),
(8, 318),
(8, 319),
(8, 320),
(8, 321),
(8, 322),
(8, 323),
(8, 324),
(8, 325),
(8, 326),
(8, 327),
(8, 328),
(8, 329),
(8, 330),
(8, 331),
(8, 332),
(8, 333),
(8, 334),
(8, 335),
(8, 336),
(8, 337),
(8, 338),
(8, 339),
(8, 340),
(8, 341),
(8, 342),
(8, 343),
(8, 344),
(8, 345),
(8, 346),
(8, 347),
(8, 348),
(8, 349),
(8, 350),
(8, 351),
(8, 352),
(8, 353),
(8, 354),
(8, 355),
(8, 356),
(8, 357),
(8, 358),
(8, 359),
(8, 360),
(8, 361),
(8, 362),
(8, 363),
(8, 364),
(8, 365),
(8, 366),
(8, 367),
(8, 368),
(8, 369),
(8, 370),
(8, 371),
(8, 372),
(8, 373),
(8, 374),
(8, 375),
(8, 376),
(8, 377),
(8, 378),
(8, 379),
(8, 380),
(8, 381),
(8, 382),
(8, 383),
(8, 384),
(8, 385),
(8, 386),
(8, 387),
(8, 388),
(8, 389),
(8, 390),
(8, 391),
(8, 392),
(8, 393),
(8, 394),
(8, 395),
(8, 396),
(8, 397),
(8, 398),
(8, 399),
(8, 400),
(8, 401),
(8, 402),
(8, 403),
(8, 404),
(8, 405),
(8, 406),
(8, 407),
(8, 408),
(8, 409),
(8, 410),
(8, 411),
(8, 412),
(8, 413),
(8, 414),
(8, 415),
(8, 416),
(8, 417),
(8, 418),
(8, 419),
(8, 420),
(8, 421),
(8, 422),
(8, 423),
(8, 424),
(8, 425),
(8, 426),
(8, 427),
(8, 428),
(8, 429),
(8, 430),
(8, 431),
(8, 432),
(8, 433),
(8, 434),
(8, 435),
(8, 436),
(8, 437),
(8, 438),
(8, 439),
(8, 440),
(8, 441),
(8, 442),
(8, 443),
(8, 444),
(8, 445),
(8, 446),
(8, 447),
(8, 448),
(8, 449),
(8, 450),
(8, 451),
(8, 452),
(8, 453),
(8, 454),
(8, 455),
(8, 456),
(8, 457),
(8, 458),
(8, 459),
(8, 460),
(8, 461),
(8, 462),
(8, 463),
(8, 464),
(8, 465),
(8, 466),
(8, 467),
(8, 468),
(8, 469),
(8, 470),
(8, 471),
(8, 472),
(8, 473),
(8, 474),
(8, 475),
(8, 476),
(8, 477),
(8, 478),
(8, 479),
(8, 480),
(8, 481),
(8, 482),
(8, 483),
(8, 484),
(8, 485),
(8, 486),
(8, 487),
(8, 488),
(8, 489),
(8, 490),
(8, 491),
(8, 492),
(8, 493),
(8, 494),
(8, 495),
(8, 496),
(8, 497),
(8, 498),
(8, 499),
(8, 500),
(8, 501),
(8, 502),
(8, 503),
(8, 504),
(8, 505),
(8, 506),
(8, 507),
(8, 508),
(8, 509),
(8, 510),
(8, 511),
(8, 512),
(8, 513),
(8, 514),
(8, 515),
(8, 516),
(8, 517),
(8, 518),
(8, 519),
(8, 520),
(8, 521),
(8, 522),
(8, 523),
(8, 524),
(8, 525),
(8, 526),
(8, 527),
(8, 528),
(8, 529),
(8, 530),
(8, 531),
(8, 532),
(8, 533),
(8, 534),
(8, 535),
(8, 536),
(8, 537),
(8, 538),
(8, 539),
(8, 540),
(8, 541),
(8, 542),
(8, 543),
(8, 544),
(8, 545),
(8, 546),
(8, 547),
(8, 548),
(8, 549),
(8, 550),
(8, 551),
(8, 552),
(8, 553),
(8, 554),
(8, 555),
(8, 556),
(8, 557),
(8, 558),
(8, 559),
(8, 560),
(8, 561),
(8, 562),
(8, 563),
(8, 564),
(8, 565),
(8, 566),
(8, 567),
(8, 568),
(8, 569),
(8, 570),
(8, 571),
(8, 572),
(8, 573),
(8, 574),
(8, 575),
(8, 576),
(8, 577),
(8, 578),
(8, 579),
(8, 580),
(8, 581),
(8, 582),
(8, 583),
(8, 584),
(8, 585),
(8, 586),
(8, 587),
(8, 588),
(8, 589),
(8, 590),
(8, 591),
(8, 592),
(8, 593),
(8, 594),
(8, 595),
(8, 596),
(8, 597),
(8, 598),
(8, 599),
(8, 600),
(8, 601),
(8, 602),
(8, 603),
(8, 604),
(8, 605),
(8, 606),
(8, 607),
(8, 608),
(8, 609),
(8, 610),
(8, 611),
(8, 612),
(8, 613),
(8, 614),
(8, 615),
(8, 616),
(8, 617),
(8, 618),
(8, 619),
(8, 620),
(8, 621),
(8, 622),
(8, 623),
(8, 624),
(8, 625),
(8, 626),
(8, 627),
(8, 628),
(8, 629),
(8, 630),
(8, 631),
(8, 632),
(8, 633),
(8, 634),
(8, 635),
(8, 636),
(8, 637),
(8, 638),
(8, 639),
(8, 640),
(8, 641),
(8, 642),
(8, 643),
(8, 644),
(8, 645),
(8, 646),
(8, 647),
(8, 648),
(8, 649),
(8, 650),
(8, 651),
(8, 652),
(8, 653),
(8, 654),
(8, 655),
(8, 656),
(8, 657),
(8, 658),
(8, 659),
(8, 660),
(8, 661),
(8, 662),
(8, 663),
(8, 664),
(8, 665),
(8, 666),
(8, 667),
(8, 668),
(8, 669),
(8, 670),
(8, 671),
(8, 672),
(8, 673),
(8, 674),
(8, 675),
(8, 676),
(8, 677),
(8, 678),
(8, 679),
(8, 680),
(8, 681),
(8, 682),
(8, 683),
(8, 684),
(8, 685),
(8, 686),
(8, 687),
(8, 688),
(8, 689),
(8, 690),
(8, 691),
(8, 692),
(8, 693),
(8, 694),
(8, 695),
(8, 696),
(8, 697),
(8, 698),
(8, 699),
(8, 700),
(8, 701),
(8, 702),
(8, 703),
(8, 704),
(8, 705),
(8, 706),
(8, 707),
(8, 708),
(8, 709),
(8, 710),
(8, 711),
(8, 712),
(8, 713),
(8, 714),
(8, 715),
(8, 716),
(8, 717),
(8, 718),
(8, 719),
(8, 720),
(8, 721),
(8, 722),
(8, 723),
(8, 724),
(8, 725),
(8, 726),
(8, 727),
(8, 728),
(8, 729),
(8, 730),
(8, 731),
(8, 732),
(8, 733),
(8, 734),
(8, 735),
(8, 736),
(8, 737),
(8, 738),
(8, 739),
(8, 740),
(8, 741),
(8, 742),
(8, 743),
(8, 744),
(8, 745),
(8, 746),
(8, 747),
(8, 748),
(8, 749),
(8, 750),
(8, 751),
(8, 752),
(8, 753),
(8, 754),
(8, 755),
(8, 756),
(8, 757),
(8, 758),
(8, 759),
(8, 760),
(8, 761),
(8, 762),
(8, 763),
(8, 764),
(8, 765),
(8, 766),
(8, 767),
(8, 768),
(8, 769),
(8, 770),
(8, 771),
(8, 772),
(8, 773),
(8, 774),
(8, 775),
(8, 776),
(8, 777),
(8, 778),
(8, 779),
(8, 780),
(8, 781),
(8, 782),
(8, 783),
(8, 784),
(8, 785),
(8, 786),
(8, 787),
(8, 788),
(8, 789),
(8, 790),
(8, 791),
(8, 792),
(8, 793),
(8, 794),
(8, 795),
(8, 796),
(8, 797),
(8, 798),
(8, 799),
(8, 800),
(8, 801),
(8, 802),
(8, 803),
(8, 804),
(8, 805),
(8, 806),
(8, 807),
(8, 808),
(8, 809);

-- --------------------------------------------------------

--
-- Table structure for table `restaurant_suggest`
--

CREATE TABLE IF NOT EXISTS `restaurant_suggest` (
`id` int(5) NOT NULL,
  `restaurant_name` varchar(50) NOT NULL,
  `restaurant_address` text NOT NULL,
  `restaurant_phone` int(12) NOT NULL,
  `email` varchar(50) NOT NULL
) ENGINE=InnoDB  DEFAULT CHARSET=utf8 AUTO_INCREMENT=10 ;

--
-- Dumping data for table `restaurant_suggest`
--

INSERT INTO `restaurant_suggest` (`id`, `restaurant_name`, `restaurant_address`, `restaurant_phone`, `email`) VALUES
(2, 'yum', 'chazfvzfz', 2147483647, 's@m.COM'),
(3, 'yum', 'chazfvzfz', 2147483647, 's@m.COM'),
(4, 'yum', 'chazfvzfz', 2147483647, 's@m.COM'),
(5, 'yum', 'chazfvzfz', 2147483647, 's@m.COM'),
(6, 'yum', 'chazfvzfz', 2147483647, 's@m.COM'),
(7, 'Dragon', 'Wellington', 412345, ''),
(8, 'Miles', 'Auckland', 2147483647, ''),
(9, 'Alice in Wonderland', 'wellington', 2147483647, '');

-- --------------------------------------------------------

--
-- Table structure for table `tags`
--

CREATE TABLE IF NOT EXISTS `tags` (
`id` int(5) unsigned NOT NULL,
  `tag` varchar(255) CHARACTER SET utf8 NOT NULL
) ENGINE=InnoDB  DEFAULT CHARSET=latin1 AUTO_INCREMENT=810 ;

--
-- Dumping data for table `tags`
--

INSERT INTO `tags` (`id`, `tag`) VALUES
(1, 'Asian'),
(2, 'Vietnamese'),
(3, 'India'),
(4, 'Yum Char'),
(5, 'Chinese'),
(6, 'Japanese'),
(7, 'korean'),
(8, 'European'),
(9, 'Turkish'),
(10, 'Middle Eastern'),
(11, 'Kiwi'),
(12, 'Coffee and Tea'),
(13, 'Pacific'),
(14, 'Seafood'),
(15, 'BBQ'),
(16, 'Desserts'),
(17, 'Grill'),
(27, 'Vegan'),
(28, 'Thai'),
(51, 'gui '),
(52, 'kiwi'),
(53, 'kiwi'),
(54, ''),
(55, 'seafood'),
(56, 'asian'),
(57, 'asian'),
(58, 'chinese'),
(59, 'asian'),
(60, 'asian'),
(61, 'asian'),
(62, 'asian'),
(63, 'asian'),
(64, 'asian'),
(65, 'asian'),
(66, 'asian'),
(67, 'asian'),
(68, 'asian'),
(69, 'asian'),
(70, 'asian'),
(71, 'asian'),
(72, 'asian'),
(73, 'asian'),
(74, 'asian'),
(75, 'asian'),
(76, 'asian'),
(77, 'asian'),
(78, 'asian'),
(79, 'asian'),
(80, 'asian'),
(81, 'asian'),
(82, 'asian'),
(83, 'asian'),
(84, 'asian'),
(85, 'asian'),
(86, 'asian'),
(87, ''),
(88, ''),
(89, ''),
(90, ''),
(91, ''),
(92, ''),
(93, ''),
(94, ''),
(95, ''),
(96, ''),
(97, ''),
(98, ''),
(99, ''),
(100, ''),
(101, ''),
(102, ''),
(103, ''),
(104, ''),
(105, ''),
(106, ''),
(107, ''),
(108, ''),
(109, ''),
(110, ''),
(111, ''),
(112, ''),
(113, ''),
(114, ''),
(115, ''),
(116, ''),
(117, ''),
(118, ''),
(119, ''),
(120, ''),
(121, ''),
(122, ''),
(123, ''),
(124, ''),
(125, ''),
(126, ''),
(127, ''),
(128, ''),
(129, ''),
(130, ''),
(131, ''),
(132, ''),
(133, ''),
(134, ''),
(135, ''),
(136, ''),
(137, ''),
(138, ''),
(139, ''),
(140, ''),
(141, ''),
(142, ''),
(143, ''),
(144, ''),
(145, ''),
(146, ''),
(147, ''),
(148, ''),
(149, ''),
(150, ''),
(151, ''),
(152, ''),
(153, ''),
(154, ''),
(155, ''),
(156, ''),
(157, ''),
(158, ''),
(159, ''),
(160, ''),
(161, ''),
(162, ''),
(163, ''),
(164, ''),
(165, ''),
(166, ''),
(167, ''),
(168, ''),
(169, ''),
(170, ''),
(171, ''),
(172, ''),
(173, ''),
(174, ''),
(175, ''),
(176, ''),
(177, ''),
(178, ''),
(179, ''),
(180, ''),
(181, ''),
(182, ''),
(183, ''),
(184, ''),
(185, ''),
(186, ''),
(187, ''),
(188, ''),
(189, ''),
(190, ''),
(191, ''),
(192, ''),
(193, ''),
(194, ''),
(195, ''),
(196, ''),
(197, ''),
(198, ''),
(199, ''),
(200, ''),
(201, ''),
(202, ''),
(203, ''),
(204, ''),
(205, ''),
(206, ''),
(207, ''),
(208, ''),
(209, ''),
(210, ''),
(211, ''),
(212, ''),
(213, ''),
(214, ''),
(215, ''),
(216, ''),
(217, ''),
(218, ''),
(219, ''),
(220, ''),
(221, ''),
(222, ''),
(223, ''),
(224, ''),
(225, ''),
(226, ''),
(227, ''),
(228, ''),
(229, ''),
(230, ''),
(231, ''),
(232, ''),
(233, ''),
(234, ''),
(235, ''),
(236, ''),
(237, ''),
(238, ''),
(239, ''),
(240, ''),
(241, ''),
(242, ''),
(243, ''),
(244, ''),
(245, ''),
(246, ''),
(247, ''),
(248, ''),
(249, ''),
(250, ''),
(251, ''),
(252, ''),
(253, ''),
(254, ''),
(255, ''),
(256, ''),
(257, ''),
(258, ''),
(259, ''),
(260, ''),
(261, ''),
(262, ''),
(263, ''),
(264, ''),
(265, ''),
(266, ''),
(267, ''),
(268, ''),
(269, ''),
(270, ''),
(271, ''),
(272, ''),
(273, ''),
(274, ''),
(275, ''),
(276, ''),
(277, ''),
(278, ''),
(279, ''),
(280, ''),
(281, ''),
(282, ''),
(283, ''),
(284, ''),
(285, ''),
(286, ''),
(287, ''),
(288, ''),
(289, ''),
(290, ''),
(291, ''),
(292, ''),
(293, ''),
(294, ''),
(295, ''),
(296, ''),
(297, ''),
(298, ''),
(299, ''),
(300, ''),
(301, ''),
(302, ''),
(303, ''),
(304, ''),
(305, ''),
(306, ''),
(307, ''),
(308, ''),
(309, ''),
(310, ''),
(311, ''),
(312, ''),
(313, ''),
(314, ''),
(315, ''),
(316, ''),
(317, ''),
(318, ''),
(319, ''),
(320, ''),
(321, ''),
(322, ''),
(323, ''),
(324, ''),
(325, ''),
(326, ''),
(327, ''),
(328, ''),
(329, ''),
(330, ''),
(331, ''),
(332, ''),
(333, ''),
(334, ''),
(335, ''),
(336, ''),
(337, ''),
(338, ''),
(339, ''),
(340, ''),
(341, ''),
(342, ''),
(343, ''),
(344, ''),
(345, ''),
(346, ''),
(347, ''),
(348, ''),
(349, ''),
(350, ''),
(351, ''),
(352, ''),
(353, ''),
(354, ''),
(355, ''),
(356, ''),
(357, ''),
(358, ''),
(359, ''),
(360, ''),
(361, ''),
(362, ''),
(363, ''),
(364, ''),
(365, ''),
(366, ''),
(367, ''),
(368, ''),
(369, ''),
(370, ''),
(371, ''),
(372, ''),
(373, ''),
(374, ''),
(375, ''),
(376, ''),
(377, ''),
(378, ''),
(379, ''),
(380, ''),
(381, ''),
(382, ''),
(383, ''),
(384, ''),
(385, ''),
(386, ''),
(387, ''),
(388, ''),
(389, ''),
(390, ''),
(391, ''),
(392, ''),
(393, ''),
(394, ''),
(395, ''),
(396, ''),
(397, ''),
(398, ''),
(399, ''),
(400, ''),
(401, ''),
(402, ''),
(403, ''),
(404, ''),
(405, ''),
(406, ''),
(407, ''),
(408, ''),
(409, ''),
(410, ''),
(411, ''),
(412, ''),
(413, ''),
(414, ''),
(415, ''),
(416, ''),
(417, ''),
(418, ''),
(419, ''),
(420, ''),
(421, ''),
(422, ''),
(423, ''),
(424, ''),
(425, ''),
(426, ''),
(427, ''),
(428, ''),
(429, ''),
(430, ''),
(431, ''),
(432, ''),
(433, ''),
(434, ''),
(435, ''),
(436, ''),
(437, ''),
(438, ''),
(439, ''),
(440, ''),
(441, ''),
(442, ''),
(443, ''),
(444, ''),
(445, ''),
(446, ''),
(447, ''),
(448, ''),
(449, ''),
(450, ''),
(451, ''),
(452, ''),
(453, ''),
(454, ''),
(455, ''),
(456, ''),
(457, ''),
(458, ''),
(459, ''),
(460, ''),
(461, ''),
(462, ''),
(463, ''),
(464, ''),
(465, ''),
(466, ''),
(467, ''),
(468, ''),
(469, ''),
(470, ''),
(471, ''),
(472, ''),
(473, ''),
(474, ''),
(475, ''),
(476, ''),
(477, ''),
(478, ''),
(479, ''),
(480, ''),
(481, ''),
(482, ''),
(483, ''),
(484, ''),
(485, ''),
(486, ''),
(487, ''),
(488, ''),
(489, ''),
(490, ''),
(491, ''),
(492, ''),
(493, ''),
(494, ''),
(495, ''),
(496, ''),
(497, ''),
(498, ''),
(499, ''),
(500, ''),
(501, ''),
(502, ''),
(503, ''),
(504, ''),
(505, ''),
(506, ''),
(507, ''),
(508, ''),
(509, ''),
(510, ''),
(511, ''),
(512, ''),
(513, ''),
(514, ''),
(515, ''),
(516, ''),
(517, ''),
(518, ''),
(519, ''),
(520, ''),
(521, ''),
(522, ''),
(523, ''),
(524, ''),
(525, ''),
(526, ''),
(527, ''),
(528, ''),
(529, ''),
(530, ''),
(531, ''),
(532, ''),
(533, ''),
(534, ''),
(535, ''),
(536, ''),
(537, ''),
(538, ''),
(539, ''),
(540, ''),
(541, ''),
(542, ''),
(543, ''),
(544, ''),
(545, ''),
(546, ''),
(547, ''),
(548, ''),
(549, ''),
(550, ''),
(551, ''),
(552, ''),
(553, ''),
(554, ''),
(555, ''),
(556, ''),
(557, ''),
(558, ''),
(559, ''),
(560, ''),
(561, ''),
(562, ''),
(563, ''),
(564, ''),
(565, ''),
(566, ''),
(567, ''),
(568, ''),
(569, ''),
(570, ''),
(571, ''),
(572, ''),
(573, ''),
(574, ''),
(575, ''),
(576, ''),
(577, ''),
(578, ''),
(579, ''),
(580, ''),
(581, ''),
(582, ''),
(583, ''),
(584, ''),
(585, ''),
(586, ''),
(587, ''),
(588, ''),
(589, ''),
(590, ''),
(591, ''),
(592, ''),
(593, ''),
(594, ''),
(595, ''),
(596, ''),
(597, ''),
(598, ''),
(599, ''),
(600, ''),
(601, ''),
(602, ''),
(603, ''),
(604, ''),
(605, ''),
(606, ''),
(607, ''),
(608, ''),
(609, ''),
(610, ''),
(611, ''),
(612, ''),
(613, ''),
(614, ''),
(615, ''),
(616, ''),
(617, ''),
(618, ''),
(619, ''),
(620, ''),
(621, ''),
(622, ''),
(623, ''),
(624, ''),
(625, ''),
(626, ''),
(627, ''),
(628, ''),
(629, ''),
(630, ''),
(631, ''),
(632, ''),
(633, ''),
(634, ''),
(635, ''),
(636, ''),
(637, ''),
(638, ''),
(639, ''),
(640, ''),
(641, ''),
(642, ''),
(643, ''),
(644, ''),
(645, ''),
(646, ''),
(647, ''),
(648, ''),
(649, ''),
(650, ''),
(651, ''),
(652, ''),
(653, ''),
(654, ''),
(655, ''),
(656, ''),
(657, ''),
(658, ''),
(659, ''),
(660, ''),
(661, ''),
(662, ''),
(663, ''),
(664, ''),
(665, ''),
(666, ''),
(667, ''),
(668, ''),
(669, ''),
(670, ''),
(671, ''),
(672, ''),
(673, ''),
(674, ''),
(675, ''),
(676, ''),
(677, ''),
(678, ''),
(679, ''),
(680, ''),
(681, ''),
(682, ''),
(683, ''),
(684, ''),
(685, ''),
(686, ''),
(687, ''),
(688, ''),
(689, ''),
(690, ''),
(691, ''),
(692, ''),
(693, ''),
(694, ''),
(695, ''),
(696, ''),
(697, ''),
(698, ''),
(699, ''),
(700, ''),
(701, ''),
(702, ''),
(703, ''),
(704, ''),
(705, ''),
(706, ''),
(707, ''),
(708, ''),
(709, ''),
(710, ''),
(711, ''),
(712, ''),
(713, ''),
(714, ''),
(715, ''),
(716, ''),
(717, ''),
(718, ''),
(719, ''),
(720, ''),
(721, ''),
(722, ''),
(723, ''),
(724, ''),
(725, ''),
(726, ''),
(727, ''),
(728, ''),
(729, ''),
(730, ''),
(731, ''),
(732, ''),
(733, ''),
(734, ''),
(735, ''),
(736, ''),
(737, ''),
(738, ''),
(739, ''),
(740, ''),
(741, ''),
(742, ''),
(743, ''),
(744, ''),
(745, ''),
(746, ''),
(747, ''),
(748, ''),
(749, ''),
(750, ''),
(751, ''),
(752, ''),
(753, ''),
(754, ''),
(755, ''),
(756, ''),
(757, ''),
(758, ''),
(759, ''),
(760, ''),
(761, ''),
(762, ''),
(763, ''),
(764, ''),
(765, ''),
(766, ''),
(767, ''),
(768, ''),
(769, ''),
(770, ''),
(771, ''),
(772, ''),
(773, ''),
(774, ''),
(775, ''),
(776, ''),
(777, ''),
(778, ''),
(779, ''),
(780, ''),
(781, ''),
(782, ''),
(783, ''),
(784, ''),
(785, ''),
(786, ''),
(787, ''),
(788, ''),
(789, ''),
(790, ''),
(791, ''),
(792, ''),
(793, ''),
(794, ''),
(795, ''),
(796, ''),
(797, ''),
(798, ''),
(799, ''),
(800, ''),
(801, ''),
(802, ''),
(803, ''),
(804, ''),
(805, ''),
(806, ''),
(807, ''),
(808, ''),
(809, '');

-- --------------------------------------------------------

--
-- Table structure for table `users`
--

CREATE TABLE IF NOT EXISTS `users` (
`id` int(5) unsigned NOT NULL,
  `username` varchar(100) CHARACTER SET utf8 NOT NULL,
  `email` varchar(100) CHARACTER SET utf8 NOT NULL,
  `password` varchar(100) CHARACTER SET utf8 NOT NULL,
  `role` enum('user','admin') CHARACTER SET utf8 NOT NULL
) ENGINE=InnoDB  DEFAULT CHARSET=latin1 AUTO_INCREMENT=6 ;

--
-- Dumping data for table `users`
--

INSERT INTO `users` (`id`, `username`, `email`, `password`, `role`) VALUES
(1, 'rohin', 'rohin@mail.com', '$2y$10$Bs.tfsgafbT4cHVBoBd7JOY7so2E9BvOrMmnSvI7pX0Rq7zFEEApm', 'user'),
(2, 'sara', 'sara@mail.com', '$2y$10$DFUXI2qDEQGmbN8BytsuM.cvRsNyPqd71D69VyNeZ/jc2R55VsDaK', 'user'),
(3, 'Admin', 'admin@dm.com', '$2y$10$.G.DOZ.yIQpHyLZSY4aN8uQhG5ignC5ZpNvHNX2OG2dOMDM3N6ZrW', 'admin'),
(5, 'Tigger', 'tigger@mail.com', '$2y$10$sRvoGFhDYBt3W.Kve7A0sOpkG9FgMVBx3wplt4Jhv149D5BQreyBG', 'user');

--
-- Indexes for dumped tables
--

--
-- Indexes for table `comments`
--
ALTER TABLE `comments`
 ADD PRIMARY KEY (`id`), ADD KEY `user_id` (`user_id`), ADD KEY `restaurant_id` (`restaurant_id`);

--
-- Indexes for table `enqiry_form`
--
ALTER TABLE `enqiry_form`
 ADD PRIMARY KEY (`id`);

--
-- Indexes for table `restaurants`
--
ALTER TABLE `restaurants`
 ADD PRIMARY KEY (`id`);

--
-- Indexes for table `restaurants_tags`
--
ALTER TABLE `restaurants_tags`
 ADD KEY `restaurant_id` (`restaurant_id`), ADD KEY `tag_id` (`tag_id`);

--
-- Indexes for table `restaurant_suggest`
--
ALTER TABLE `restaurant_suggest`
 ADD PRIMARY KEY (`id`);

--
-- Indexes for table `tags`
--
ALTER TABLE `tags`
 ADD PRIMARY KEY (`id`);

--
-- Indexes for table `users`
--
ALTER TABLE `users`
 ADD PRIMARY KEY (`id`);

--
-- AUTO_INCREMENT for dumped tables
--

--
-- AUTO_INCREMENT for table `comments`
--
ALTER TABLE `comments`
MODIFY `id` int(5) NOT NULL AUTO_INCREMENT,AUTO_INCREMENT=11;
--
-- AUTO_INCREMENT for table `enqiry_form`
--
ALTER TABLE `enqiry_form`
MODIFY `id` int(5) NOT NULL AUTO_INCREMENT,AUTO_INCREMENT=18;
--
-- AUTO_INCREMENT for table `restaurants`
--
ALTER TABLE `restaurants`
MODIFY `id` smallint(5) unsigned NOT NULL AUTO_INCREMENT,AUTO_INCREMENT=47;
--
-- AUTO_INCREMENT for table `restaurant_suggest`
--
ALTER TABLE `restaurant_suggest`
MODIFY `id` int(5) NOT NULL AUTO_INCREMENT,AUTO_INCREMENT=10;
--
-- AUTO_INCREMENT for table `tags`
--
ALTER TABLE `tags`
MODIFY `id` int(5) unsigned NOT NULL AUTO_INCREMENT,AUTO_INCREMENT=810;
--
-- AUTO_INCREMENT for table `users`
--
ALTER TABLE `users`
MODIFY `id` int(5) unsigned NOT NULL AUTO_INCREMENT,AUTO_INCREMENT=6;
--
-- Constraints for dumped tables
--

--
-- Constraints for table `restaurants_tags`
--
ALTER TABLE `restaurants_tags`
ADD CONSTRAINT `restaurants_tags_ibfk_1` FOREIGN KEY (`restaurant_id`) REFERENCES `restaurants` (`id`) ON DELETE CASCADE ON UPDATE CASCADE,
ADD CONSTRAINT `restaurants_tags_ibfk_2` FOREIGN KEY (`tag_id`) REFERENCES `tags` (`id`) ON DELETE CASCADE ON UPDATE CASCADE;

/*!40101 SET CHARACTER_SET_CLIENT=@OLD_CHARACTER_SET_CLIENT */;
/*!40101 SET CHARACTER_SET_RESULTS=@OLD_CHARACTER_SET_RESULTS */;
/*!40101 SET COLLATION_CONNECTION=@OLD_COLLATION_CONNECTION */;
